"","DGP","n","Estimator","Av.Bias","Med.Bias","RMSE","MAE","MCSD","Asy.Var","Coverage","Lenth-CI","Sem. Eff. Bound"
"unf.att",2,500,0.000445254368248076,0.000445254368248076,0.000871159795967124,0.0897806521267912,0.0718803226475468,0.0897795480321629,NA,NA,NA,NA
"DR.tr",2,500,0.000572494639074772,0.000572494639074772,0.000752128513830239,0.14789540404568,0.117944328496987,0.147894295994548,10.7441325591769,0.945,0.572603509689415,11.6
"DR.imp",2,500,0.000956439501860131,0.000956439501860131,0.00134146505061464,0.149004868191254,0.118860052701867,0.149001798540058,10.6170592822055,0.9428,0.569570893729143,11.6
"IPW",2,500,2.01938759276554,2.01938759276554,2.11308147491161,4.49295472787977,3.47550511772186,4.01356648592767,8634.85914460247,0.8993,14.7335995269154,11.6
"IPW-STD",2,500,-0.801858162391636,-0.801858162391636,-0.786386810202785,1.6059949604924,1.26961382000556,1.3914895977092,955.515487476991,0.896,5.23261651231514,11.6
"REG",2,500,-0.000188663491281073,-0.000188663491281073,6.72195588435898e-06,0.142352552403413,0.113292186566263,0.142352427383075,10.183300546366,0.9487,0.558664220284176,11.6
"TWFE",2,500,-19.2285847458536,-19.2285847458536,-19.2220371625318,19.6011744936432,19.2285847458536,3.80362592821302,6615.83741113833,7e-04,14.2422562421225,11.6
